conceptType,conceptUri,skillType,reuseLevel,preferredLabel,status,altLabels,description,broaderConceptUri,broaderConceptPT
KnowledgeSkillCompetence,http://data.europa.eu/esco/skill/001115fb-569f-4ee6-8381-c6807ef2527f,skill/competence,transversal,show initiative,released,initiate action | be a driving force | give impetus | take the initiative | show sense of initiative | show active initiative | demonstrate sense of initiative,Be proactive and take the first step in an action without waiting for what others say or do.,http://data.europa.eu/esco/skill/91860993-1a8b-4473-91f3-600aa1924bd0,taking a proactive approach
KnowledgeSkillCompetence,http://data.europa.eu/esco/skill/0171653e-c8e9-4c24-bb86-a4b6fe038f25,skill/competence,transversal,adopt ways to foster biodiversity and animal welfare,released,concretely support biodiversity and animal welfare | implement environmental choices in your own eating habit | adopt a sustainable eating habit | take sustainability issues into account in consumption choices | take animal welfare into account when buying food products | promoting organic and biological food consumption,"Engage in behaviours that help maintaining stable ecosystems and combatting mass extinction, for example by making conscious dietary choices that support organic food production and animal welfare.",http://data.europa.eu/esco/skill/80cf002a-6586-4db7-9c9a-88325a9a5e1b,applying environmental skills and competences
KnowledgeSkillCompetence,http://data.europa.eu/esco/skill/045f71e6-0699-4169-8a54-9c6b96f3174d,skill/competence,transversal,advise others,released,mentor others | mentor individuals | counsel others | counselling | offer suggestions to others | guide others | make recommendations to others | give advice | advise customers | give constructive feedback | giving advice to others | advise colleagues | provide advisory services,Offer suggestions about the best course of action.,http://data.europa.eu/esco/skill/82463bb1-85d1-4e99-a4ce-08508fc3b2a3,supporting others
KnowledgeSkillCompetence,http://data.europa.eu/esco/skill/05aa7c09-46e7-433f-a81b-92841f4551e7,skill/competence,transversal,accept criticism and guidance,released,accept feedback | welcome criticism | accept constructive criticism | tolerate critics | accept critics | welcome feedback | handle feedback,"Handle negative feedback from others and react openly to criticism, trying to identify in it potential areas for improvement.",http://data.europa.eu/esco/skill/f5c9eef3-0495-4747-9519-d71a58d252bd,demonstrating willingness to learn
KnowledgeSkillCompetence,http://data.europa.eu/esco/skill/0b709c64-a57a-4976-86bd-34d2cf34fa4f,skill/competence,transversal,"apply knowledge of philosophy, ethics and religion",released,follow ethical values and religious believes | apply philosophical school of thoughts | act according to ethical and religious values | evaluate the moral and ethical consequences of actions | assess the consequences and impact of ideas,"Discover and develop an individual perspective about one's roles, meaning and purpose, including what it means to live, to die and to be human.",http://data.europa.eu/esco/skill/44ff6716-7d71-4a16-821b-61d10e9e290d,applying general knowledge
KnowledgeSkillCompetence,http://data.europa.eu/esco/skill/0d75a128-bd88-4c1b-b70d-8e963aeb490c,skill/competence,transversal,adopt ways to reduce pollution,released,reduce noise | prefer public to private transport | use public transportation | handle your own waste | prevent pollution,"Apply measures to reduce air, noise, light, water or environmental pollution, for example by using public transports, not leaving any waste in the natural environment, and reducing unnecessary light and noise emissions, particularly during the night.",http://data.europa.eu/esco/skill/80cf002a-6586-4db7-9c9a-88325a9a5e1b,applying environmental skills and competences
KnowledgeSkillCompetence,http://data.europa.eu/esco/skill/113b4428-0a31-4199-8496-070af7854b91,skill/competence,transversal,meet commitments,released,show commitment | achieve goals | meet commitment | demonstrate steady effort | meet targets | show responsibility | show conscientiousness | work to deadlines | demonstrate loyalty | meeting commitments | demonstrate commitment | demonstrate reliability | demonstrate conscientiousness | show reliability | demonstrate punctuality | keep promises,"Perform one's tasks in a self-disciplined, reliable and goal-oriented manner.",http://data.europa.eu/esco/skill/14c41899-0224-4cbc-bd8c-e946ada2da87,working efficiently
KnowledgeSkillCompetence,http://data.europa.eu/esco/skill/13b4a3d2-abdf-4442-8e52-d7464a58ecbc,skill/competence,transversal,adjust to physical demands,released,tolerate unfavourable temperatures | work under adverse weather conditions | demonstrate physical resilience,"Demonstrate the capacity to endure high physical stress from work or sport. It includes kneeling, standing or running for a long time or working under difficult meteorological conditions such as strong heat, cold and rain.",http://data.europa.eu/esco/skill/e52389a2-1a05-45b0-8db3-4bda0f0c0b48,responding to physical circumstances
KnowledgeSkillCompetence,http://data.europa.eu/esco/skill/199f7919-5114-41b6-b6a5-41e0e4896ec1,skill/competence,transversal,assume responsibility,released,showing responsibility | prove sense of responsibility | demonstrate responsibility | show responsible behaviour | be ready to take responsibilities | be ready to take on responsibility | be responsible | demonstrate a conscientious attitude | act responsibly,"Accept responsibility and accountability for one's own professional decisions and actions, or those delegated to others.",http://data.europa.eu/esco/skill/91860993-1a8b-4473-91f3-600aa1924bd0,taking a proactive approach
KnowledgeSkillCompetence,http://data.europa.eu/esco/skill/19a64e91-bfe3-4c48-9225-3bb1229b12f0,skill/competence,transversal,show determination,released,demonstrate enthusiasm | demonstrate positive thinking | demonstrate positive attitude | persist | exhibit enthusiasm | strive for results | make an effort | show positive disposition | demonstrate a focussed approach | demonstrate positive disposition | strive for success | have clear goals,"Show commitment to do something that is difficult and requires hard work. Display great effort driven by an interest or enjoyment in work itself, in the absence of external pressures.",http://data.europa.eu/esco/skill/91860993-1a8b-4473-91f3-600aa1924bd0,taking a proactive approach
KnowledgeSkillCompetence,http://data.europa.eu/esco/skill/19ba11f3-9c99-41fd-a7c9-f77e6a026186,skill/competence,transversal,carry out calculations,released,carry out work-related calculation | use numbers,Solve mathematical problems to achieve work-related goals.,http://data.europa.eu/esco/skill/edc72cfe-78a8-4531-b00f-92992a0bb8cb,working with numbers and measures
KnowledgeSkillCompetence,http://data.europa.eu/esco/skill/1d1fedcb-4995-44ac-90f5-f31a157ce512,skill/competence,transversal,manage frustration,released,manage emotions | control impulses | show capacity to deal with stress | recognise own potential | deal with frustration | managing frustration | foster hope | manage own emotions | cope with frustration | manage disappointments | regulate moods | handle frustration | cope well with setbacks | recover from setbacks,Stay calm and react in a constructive way to own or others' anger or when faced with obstacles or complaints.,http://data.europa.eu/esco/skill/2b2c3254-7f6c-47e2-84f1-aece946fbfae,maintaining a positive attitude
KnowledgeSkillCompetence,http://data.europa.eu/esco/skill/1dabb413-18e8-48ed-a963-44978e67ad32,skill/competence,transversal,calculate probabilities,released,estimate the probability of an outcome or fact | work with probabilities | make estimations,Predict the probability of an outcome based on calculations or experience.,http://data.europa.eu/esco/skill/edc72cfe-78a8-4531-b00f-92992a0bb8cb,working with numbers and measures
KnowledgeSkillCompetence,http://data.europa.eu/esco/skill/1ddc021d-d818-4731-904f-842d7491f419,skill/competence,transversal,manage financial and material resources,released,manage personal budget for financial needs | select appropriate insurance products | exercise consumer rights | manage personal finances | undertake effective financial planning | use investments and credit to achieve long term goals | use financial advices and guidance services with a critical mindset | compare deals and offers when acquiring products or services,"Undertake effective financial planning, using credit, savings, investments and pensions to achieve short and long term goals, using financial advices and guidance services with a critical mindset, comparing deals and offers when acquiring products or services and actively selecting appropriate insurance products.",http://data.europa.eu/esco/skill/6c6957bf-cf1f-4483-9c7e-1655f251b01a,applying entrepreneurial and financial skills and competences
KnowledgeSkillCompetence,http://data.europa.eu/esco/skill/1fce1197-3a5b-45b7-8797-575cd3b57a01,skill/competence,transversal,show commitment,released,demonstrate commitment | show willingness to work | have commitment | demonstrate motivation | enjoy one's profession | show willingness to perform | demonstrate enthusiasm | show motivation | enjoy working,"Show willingness to take on tasks immediately, even if they are difficult or uncomfortable.",http://data.europa.eu/esco/skill/91860993-1a8b-4473-91f3-600aa1924bd0,taking a proactive approach
KnowledgeSkillCompetence,http://data.europa.eu/esco/skill/20012caa-b63c-4cb9-b2b8-01a1cfdfc1d1,skill/competence,transversal,think quickly,released,show a good level of perception | react quickly | understand quickly,Be able to grasp and process the most important aspects of facts and their connections quickly and accurately.,http://data.europa.eu/esco/skill/fff1d675-c36a-4c12-9cd4-407f21ccd06a,"processing information, ideas and concepts"
KnowledgeSkillCompetence,http://data.europa.eu/esco/skill/2aaad52d-599e-4e77-a681-bbc236825821,skill/competence,transversal,evaluate environmental impact of personal behaviour,released,demonstrate sensitivity for environmental issues | adopt an ecological attitude | consider the impact of your actions on the environment | apply ethical and sustainable thinking | adopt an environmental friendly attitude,Adopt a sustainability-oriented mindset in you daily life and reflect on your personal ecological attitude and on the environmental impact of your behaviour.,http://data.europa.eu/esco/skill/80cf002a-6586-4db7-9c9a-88325a9a5e1b,applying environmental skills and competences
KnowledgeSkillCompetence,http://data.europa.eu/esco/skill/35ebe444-9ece-4fbc-a55d-e99ea37267ae,skill/competence,transversal,manage quality,released,apply quality standards | managing quality | attend to quality | work to agreed standards | monitor quality | oversee quality,"Pursue excellence in workplace processes, products and activities.",http://data.europa.eu/esco/skill/14c41899-0224-4cbc-bd8c-e946ada2da87,working efficiently
KnowledgeSkillCompetence,http://data.europa.eu/esco/skill/409a0245-0e6c-4aac-ba16-0920ecb76a8d,skill/competence,transversal,exercise self-reflection,released,reflect on practice | monitor the impact of your professional development | assess the impact of your professional development | evaluate the impact of your professional development | evaluate professional development impact | estimate the impact of your professional development | examine the impact of your professional development | gauge the impact of your professional development | do self-assessment | self-evaluate | perform self-evaluation | self-assess | be able to engage in self-reflection | perform self-assessment | conduct self-assessment,"Effectively, regularly and systematically reflect on own actions, performance, and attitudes, and make necessary adjustments, seeking professional development opportunities to plug knowledge and practice gaps in identified areas. Evaluate the impact of your own professional development.",http://data.europa.eu/esco/skill/f5c9eef3-0495-4747-9519-d71a58d252bd,demonstrating willingness to learn
KnowledgeSkillCompetence,http://data.europa.eu/esco/skill/429062f1-a958-43ea-83dd-4e1af078c156,skill/competence,transversal,demonstrate curiosity,released,show curiosity | display curiosity | be curious | demonstrate interest | show interest | demonstrating curiosity | exhibit curiosity | curiosity,"Show a lively interest in novelty, an openness to experience, find subjects and topics fascinating, actively explore and discover new areas.",http://data.europa.eu/esco/skill/f5c9eef3-0495-4747-9519-d71a58d252bd,demonstrating willingness to learn
KnowledgeSkillCompetence,http://data.europa.eu/esco/skill/468135b7-5757-48c3-9509-fde0e13ec5be,skill/competence,transversal,manage personal progression,released,plan your career | manage career goals | manage life goals,Take charge of and market your own skills and competences to advance in work and private life.,http://data.europa.eu/esco/skill/91860993-1a8b-4473-91f3-600aa1924bd0,taking a proactive approach
KnowledgeSkillCompetence,http://data.europa.eu/esco/skill/469748ce-051a-407e-9099-0c9415ac2705,skill/competence,transversal,approach challenges positively,released,keep a positive attitude | adopt a constructive approach | show sense of humour | maintain a positive attitude,Adopt a positive attitude and a constructive approach when dealing with challenges.,http://data.europa.eu/esco/skill/2b2c3254-7f6c-47e2-84f1-aece946fbfae,maintaining a positive attitude
KnowledgeSkillCompetence,http://data.europa.eu/esco/skill/4707da90-9cfc-46ca-8de0-38a0b7bfb137,skill/competence,transversal,think analytically,released,think in an analytical way | apply logical thinking | use logical reasoning | apply structured thinking | think logically | develop an analytical approach | analytical thinking | apply structural analysis,"Produce thoughts using logic and reasoning in order to identify the strengths and weaknesses of alternative solutions, conclusions or approaches to problems.",http://data.europa.eu/esco/skill/fff1d675-c36a-4c12-9cd4-407f21ccd06a,"processing information, ideas and concepts"
KnowledgeSkillCompetence,http://data.europa.eu/esco/skill/49de9958-2aa4-4eef-a89d-fe5d5bcd28c4,skill/competence,transversal,adapt to change,released,openness to change | be open to change | revise plans to deal with changes | adapt to changes | be flexible | show willingness to change | adapting to change | demonstrate flexibility | adjust to change | conform to change | assimilate to change,Alter one's attitude or behaviour to accommodate modifications in the workplace.,http://data.europa.eu/esco/skill/f5c9eef3-0495-4747-9519-d71a58d252bd,demonstrating willingness to learn
KnowledgeSkillCompetence,http://data.europa.eu/esco/skill/4c3ab565-747c-4db3-8c47-79e8d6f98cf4,skill/competence,transversal,adopt ways to reduce negative impact of consumption,released,follow environmentally-sustainable work practices | reuse products | avoid plastic | practice a minimalist lifestyle | follow recycling collection schedules | share physical resources | avoid single-use items | reduce energy usage | reuse materials | minimise waste production in households | reduce water or energy consumption,"Apply principles, policies and regulations aimed at environmental sustainability, including the reduction of waste, energy and water consumption, the reuse and recycling of products, and the engagement in the sharing economy.",http://data.europa.eu/esco/skill/80cf002a-6586-4db7-9c9a-88325a9a5e1b,applying environmental skills and competences
KnowledgeSkillCompetence,http://data.europa.eu/esco/skill/4c772721-9280-49cb-9988-b6ea3d36b06d,skill/competence,transversal,maintain psychological well-being,released,maintain work-life balance | pursue mental wellbeing | protect the psychological wellbeing | safely use digital technologies | balance working time and personal life,"Be able to avoid threats to psychological well-being, for example while using digital technologies, including the maintenance of a healthy work-life-learn balance.",http://data.europa.eu/esco/skill/3d54fec5-d9cb-45a0-bf8d-ffaf3790a5bb,applying health-related skills and competences
KnowledgeSkillCompetence,http://data.europa.eu/esco/skill/4cde32b5-fc2f-4257-a8b9-5b15a67ee3e5,skill/competence,transversal,protect the health of others,released,intervene promptly in case of need | react adequately in case of accidents | provide first aid | safeguard one's person health,"Prevent harm from and support recovery of family members, wards, and fellow citizens, including adequate responses in case of accidents like the provision of first aid.",http://data.europa.eu/esco/skill/3d54fec5-d9cb-45a0-bf8d-ffaf3790a5bb,applying health-related skills and competences
KnowledgeSkillCompetence,http://data.europa.eu/esco/skill/5b46f572-7ced-4efd-b270-a81a164d521c,skill/competence,transversal,moderate a discussion,released,guide a discussion | moderate workshops | oversee a discussion | lead discussions | moderate conferences | apply moderation techniques | carry out moderation,"Apply moderation techniques and methods to lead discussions between two or more people, including situations such as workshops, conferences or online events. Ensure the correctness and politeness of the debate.",http://data.europa.eu/esco/skill/6f142deb-03a9-4cd7-94ce-e0f023ae2169,communicating
KnowledgeSkillCompetence,http://data.europa.eu/esco/skill/5c3ab99d-a3f1-4620-9602-d12d2151a03d,skill/competence,transversal,"apply knowledge of science, technology and engineering",released,carry out measurements | demonstrate scientific literacy | take on new technology | demonstrate technical abilities,"Develop and apply an understanding of the physical world and its governing principles, for example by making reasonable predictions about causes and effects, conceiving tests of these predictions and carrying out measurements using suitable units, tools and equipment.",http://data.europa.eu/esco/skill/44ff6716-7d71-4a16-821b-61d10e9e290d,applying general knowledge
KnowledgeSkillCompetence,http://data.europa.eu/esco/skill/5c526c52-4f0a-4647-8c51-c91568acebb1,skill/competence,transversal,process spatial information,released,exhibit three-dimensional imagination | show three-dimensional imagination | display three-dimensional imagination | demonstrate spatial intelligence | manage shape and space | work with shape and space | apply spatial reasoning | work with form and space | utilise spatial orientation | work with shapes and spaces,"Be able to mentally imagine the position and relationship of bodies in three-dimensional spaces, developing a good sense of proportion.",http://data.europa.eu/esco/skill/edc72cfe-78a8-4531-b00f-92992a0bb8cb,working with numbers and measures
KnowledgeSkillCompetence,http://data.europa.eu/esco/skill/5ca953f7-541d-4f67-bc55-7721348366cf,skill/competence,transversal,respect the diversity of cultural values and norms,released,take national cultural identity in consideration | take account of the diversity of cultural values and norms | show sensitivity towards different worldviews | support cultural diversity | demonstrate knowledge of the multi-cultural dimension of European societies,Demonstrate intercultural competence and respect for one's own cultural values and norms. Show tolerance of and appreciation for the different values and norms held by different people and cultures and developed under different circumstances or in different times and places.,http://data.europa.eu/esco/skill/d6e97b91-b75d-45f5-8566-667798957b0f,applying civic skills and competences
KnowledgeSkillCompetence,http://data.europa.eu/esco/skill/5cd1930c-278d-4929-b413-27352f5b3687,skill/competence,transversal,cope with uncertainty,released,handle uncertainty | deal with uncertainties | handle ambiguity | dealing with uncertainty | manage uncertainty,Tolerate and work constructively within unexpected and unpredictable situations.,http://data.europa.eu/esco/skill/2b2c3254-7f6c-47e2-84f1-aece946fbfae,maintaining a positive attitude
KnowledgeSkillCompetence,http://data.europa.eu/esco/skill/609a8ac1-9d29-4237-9886-596dbbe7ca8a,skill/competence,transversal,address an audience,released,lecture | addressing an audience | speak to an audience | give a lecture to an audience | deliver a speech | address audiences | give a talk to an audience | present ideas,"Speak in a structured, deliberate and face-to-face manner to a group of listeners to inform, influence, or entertain them.",http://data.europa.eu/esco/skill/6f142deb-03a9-4cd7-94ce-e0f023ae2169,communicating
KnowledgeSkillCompetence,http://data.europa.eu/esco/skill/60c78287-22eb-4103-9c8c-28deaa460da0,skill/competence,transversal,work in teams,released,working in teams | handle team dynamics | cooperate | cooperate with colleagues | support colleagues | collaborate on tasks | work in groups | team-working | foster social networks | work in squads,Work confidently within a group with each doing their part in the service of the whole.,http://data.europa.eu/esco/skill/036afa6e-cdde-4b38-a53a-8e7910a840e1,collaborating in teams and networks
KnowledgeSkillCompetence,http://data.europa.eu/esco/skill/669b75d8-671c-4a1c-8e0b-6466c513c27d,skill/competence,transversal,show confidence,released,confidence showing | display confidence | exhibit confidence | demonstrate confidence | show of confidence | showing confidence | reveal confidence | behave confidently,Demonstrate degrees of maturity by fully understanding one's own qualities and abilities which can serve as sources of confidence in different situations.,http://data.europa.eu/esco/skill/2b2c3254-7f6c-47e2-84f1-aece946fbfae,maintaining a positive attitude
KnowledgeSkillCompetence,http://data.europa.eu/esco/skill/699e7c26-6502-4e78-a823-3656ff5a5b8b,skill/competence,transversal,instruct others,released,teach others | educate others | instructing others | instruct colleagues | tutoring | train others,Guide or teach others by providing relevant knowledge and support.,http://data.europa.eu/esco/skill/82463bb1-85d1-4e99-a4ce-08508fc3b2a3,supporting others
KnowledgeSkillCompetence,http://data.europa.eu/esco/skill/6b2f8802-0cbf-436e-a37f-ca55ede41bbc,skill/competence,transversal,operate digital hardware,released,use ICT hardware | use digital devices | use ICT peripherals | apply ICT peripherals | work with computer hardware and peripherals | use hardware | use smart ICT devices | carry out practical tasks with smart devices | use keyboard | use mouse | use hardware components,"Use equipment such as monitor, mouse, keyboard, storage devices, printers and scanners to perform operations such as plugging in, starting up, shutting down, rebooting, saving files and other operations.",http://data.europa.eu/esco/skill/3399045f-8078-4066-8b46-475b49b260ab,working with digital devices and applications
KnowledgeSkillCompetence,http://data.europa.eu/esco/skill/6b305973-8993-475f-bd8a-daf037c61401,skill/competence,transversal,"organise information, objects and resources",released,structure information | have organisational skills | record information | take in information | organise resources | demonstrate organizational skills,"Understand your tasks and the processes that go with them. Organize information, objects and resources using systematic methods and according to given standards and ensure that the task is mastered.",http://data.europa.eu/esco/skill/66fdc34c-2326-4baa-b8ff-7a1d1015fe3a,planning and organising
KnowledgeSkillCompetence,http://data.europa.eu/esco/skill/6fc6f757-6baa-49fe-9a82-6ba6a52f2e13,skill/competence,transversal,interpret mathematical information,released,enjoy working with numbers | apply numeracy skills | apply numerical reasoning | apply mathematical reasoning | demonstrate an understanding of numbers,"Demonstrate an understanding of mathematical terms and concepts, and apply basic mathematical principles and processes to interpret data and facts.",http://data.europa.eu/esco/skill/edc72cfe-78a8-4531-b00f-92992a0bb8cb,working with numbers and measures
KnowledgeSkillCompetence,http://data.europa.eu/esco/skill/72d1fa5d-1b7f-48e7-84e3-6e779841ddf1,skill/competence,transversal,demonstrate loyalty,released,back company plan | follow organisation's vision | support plans of the company | support company mission | show loyalty | support company plan | champion company plan,"Demonstrate inner attachment to a group or organization, including by sharing and representing their values.",http://data.europa.eu/esco/skill/925af2b5-2f4d-4cce-92cc-79e1ff887c7d,following ethical code of conduct
KnowledgeSkillCompetence,http://data.europa.eu/esco/skill/75d8e5d9-bef3-418b-9011-01bff9f27207,skill/competence,transversal,lead others,released,guide others | make use of leadership abilities for team coordination | make use of result-oriented leadership abilities | lead colleagues | exert a result-oriented leadership role towards colleagues | show an exemplary leading role in an organisation | exert a goal-oriented leadership role towards colleagues | show leadership attitude | exert a result-oriented leadership role | exert a leadership role towards colleagues | exert result-oriented leadership | exert a goal-oriented leadership role | lead | make use of goal-driven leadership abilities | leading others | manage people | give direction | direct others | take on a leadership role | supervise others,"Guide, coach and direct others towards the achievement of common goals, embracing a leadership role often in a group or team. Perform, act, and behave in a manner that inspires collaborators to follow the example given by their managers.",http://data.europa.eu/esco/skill/fe5eabaa-63f6-4c44-b405-fc3ded8d56cb,leading others
KnowledgeSkillCompetence,http://data.europa.eu/esco/skill/77b636e8-fab3-41a8-8022-1e0a354059dc,skill/competence,transversal,show empathy,released,show good manners | display consideration | concern for others | show concern for others | treat people fairly | demonstrate concern for others | showing empathy | show courtesy | demonstrate consideration | be empathic | communicate an empathic response | exhibit consideration,Show empathy in order to prevent any kind of symbolic violence and isolation and to guarantee a considerate attention to everyone. It should include a capacity to understand various verbal and non-verbal communication of sentiment and feeling.,http://data.europa.eu/esco/skill/82463bb1-85d1-4e99-a4ce-08508fc3b2a3,supporting others
KnowledgeSkillCompetence,http://data.europa.eu/esco/skill/7954861c-86d4-4529-afbb-2c23dab9ac74,skill/competence,transversal,negotiate compromises,released,bargain | resolve conflict | defuse conflict | influence decision-making processes | seek agreement | manage complaints | negotiating compromise | negotiate | bargaining,"Communicate with others with the intention of reaching a common understanding or to resolve a point of difference, without losing sight of one's own or others' intentions or goals.",http://data.europa.eu/esco/skill/6f142deb-03a9-4cd7-94ce-e0f023ae2169,communicating
KnowledgeSkillCompetence,http://data.europa.eu/esco/skill/7a147904-22b3-498a-b4d9-7bceeb86b45d,skill/competence,transversal,cope with stress,released,show mental resilience | manage pressure | coping with pressure | deal with pressure | handle pressure | accept challenges | cope with pressures | perform under pressure | stay cool under pressure | work under pressure,"Handle challenges, disruption and change and recover from set-backs and adversity.",http://data.europa.eu/esco/skill/2b2c3254-7f6c-47e2-84f1-aece946fbfae,maintaining a positive attitude
KnowledgeSkillCompetence,http://data.europa.eu/esco/skill/7a93e22f-54d8-4bf0-9213-d711f6601b49,skill/competence,transversal,work efficiently,released,working efficiently | labor efficiently | efficiently work | do your job efficiently | work in an economical way,"Achieve objectives using minimum amount of time, effort, or cost.",http://data.europa.eu/esco/skill/14c41899-0224-4cbc-bd8c-e946ada2da87,working efficiently
KnowledgeSkillCompetence,http://data.europa.eu/esco/skill/7d9bace0-63d0-4848-ac87-350a98082c12,skill/competence,transversal,participate actively in civic life,released,be involved in civic activities | perform community work | do neighbouring activity | demonstrate active citisenship,"Actively engage in activities for the common or public interest such as civic, community or neighbourhood initiatives, volunteering opportunities and non-governmental organisations.",http://data.europa.eu/esco/skill/d6e97b91-b75d-45f5-8566-667798957b0f,applying civic skills and competences
KnowledgeSkillCompetence,http://data.europa.eu/esco/skill/7dd94ad3-13d6-43fe-8b94-51fcbf67ced9,skill/competence,transversal,think critically,released,detect bias | distinguish fact from opinion | weigh information | evaluate important information | assess facts | check facts | critically evaluate information and its sources | evaluating information | evaluate information and its sources | assess information | assess processes | apply critical thinking | review information | verify information | assess opinions | evaluate facts | consider alternative views | evaluate opinions | evaluate truth,Make and defend judgements based on internal evidence and external criteria. Critically evaluate the credibility and reliability of information before using or passing it on to others. Develop independent and critical thinking.,http://data.europa.eu/esco/skill/fff1d675-c36a-4c12-9cd4-407f21ccd06a,"processing information, ideas and concepts"
KnowledgeSkillCompetence,http://data.europa.eu/esco/skill/7f321b88-3d16-4e30-8163-5494ca8ce978,skill/competence,transversal,engage others in environment friendly behaviours,released,advocate sustainability | promote sustainability | encourage others to respect the environment | promote environmental friendly behaviours | inform about sustainability,Inform about and promote environmental friendly behaviours in social networks and at work.,http://data.europa.eu/esco/skill/80cf002a-6586-4db7-9c9a-88325a9a5e1b,applying environmental skills and competences
KnowledgeSkillCompetence,http://data.europa.eu/esco/skill/83e6510b-ffeb-4aec-959c-4265fd0ff7b7,skill/competence,transversal,attend to detail,released,work meticulously | attend to precision | attend to details | deal with details | sort out details | attend to accuracy | work carefully | to work precisely | work in a proper manner | attending to details | manage details,"Accomplish a task with concern for all the areas involved, no matter how small.",http://data.europa.eu/esco/skill/14c41899-0224-4cbc-bd8c-e946ada2da87,working efficiently
KnowledgeSkillCompetence,http://data.europa.eu/esco/skill/88b0c49e-7c2e-4ccc-aca3-fbd4bbc2081c,skill/competence,transversal,make an informed use of the health-care system,released,manage appropriate medications | apply preventive care measures to avoid physical or psychological harm | find the right healthcare service,Identify and select the right preventive and curative services or agencies that offer healthcare services and manage safely the appropriate medications.,http://data.europa.eu/esco/skill/3d54fec5-d9cb-45a0-bf8d-ffaf3790a5bb,applying health-related skills and competences
KnowledgeSkillCompetence,http://data.europa.eu/esco/skill/896a5e0c-7ac9-4e59-a9bf-17fdca6b1c37,skill/competence,transversal,promote the principles of democracy and rule of law,released,support gender equality | mainstream gender | support gender mainstreaming | implement equality policies | support democracy | promote a culture of piece and non violence | confront discriminations | demonstrate an understanding of European common values | fight discrimination,"Take an active role in promoting the principles of democracy, social justice and the rule of law. Confront discrimination based on ethnic, cultural or sexual identity or orientation as well as social, educational, or economic background, by assessing and voicing the implications for different groups of any planned action, including legislation, policies or programmes.",http://data.europa.eu/esco/skill/d6e97b91-b75d-45f5-8566-667798957b0f,applying civic skills and competences
KnowledgeSkillCompetence,http://data.europa.eu/esco/skill/93350886-a21b-4e61-a1b1-319a325c0f90,skill/competence,transversal,express yourself creatively,released,draw | engage in artistic self-expression | play instruments | sing | express ideas experiences and emotions creatively | paint | demonstrate sense of rhythm | dance,"Be able to use singing, dancing, instrumental music, acting or fine arts to express oneself creatively.",http://data.europa.eu/esco/skill/6115ff80-3d84-4e87-8e2b-6ede7ee004b4,applying cultural skills and competences
KnowledgeSkillCompetence,http://data.europa.eu/esco/skill/96de2e86-e287-41f2-88ab-15a2343afc6f,skill/competence,transversal,resolve conflicts,released,mediate in debates | act as mediator | mediate in collisions | mediate in tense debate | handle tense situations | be able to create consensus | demonstrate willingness to compromise | be able to find compromises | handle tense situation | mediate tense situations | manage conflicts | mediate in conflicts,"Mediate in conflicts and tense situations by acting between parties, striving to effect an agreement, reconciliate, and resolve problems. Settle a conflict in such a way that none of the victims feels badly treated and avoid arguments in advance.",http://data.europa.eu/esco/skill/6f142deb-03a9-4cd7-94ce-e0f023ae2169,communicating
KnowledgeSkillCompetence,http://data.europa.eu/esco/skill/98a999db-72d5-4657-a0b0-2f850afd4368,skill/competence,transversal,appreciate diverse cultural and artistic expression,released,appreciate artistic expressions | appreciate cultural heritage | demonstrate cultural awareness | have a feeling for aesthetics,"Demonstrate asthetic sensibility, interest for and opennes to cultural expressions from different cultural backgrounds.",http://data.europa.eu/esco/skill/6115ff80-3d84-4e87-8e2b-6ede7ee004b4,applying cultural skills and competences
KnowledgeSkillCompetence,http://data.europa.eu/esco/skill/9bf266a6-188b-4d17-a22f-2f266d76832b,skill/competence,transversal,demonstrate willingness to learn,released,work towards own potential | show self-knowledge | display willingness to learn | direct own learning | exhibit willingness to learn | show willingness to learn,Show a positive attitude towards new and challenging demands that can only be met via lifelong learning.,http://data.europa.eu/esco/skill/f5c9eef3-0495-4747-9519-d71a58d252bd,demonstrating willingness to learn
KnowledgeSkillCompetence,http://data.europa.eu/esco/skill/9c0f93f7-2592-4d4d-9673-fd640502345f,skill/competence,transversal,"use equipment, tools or technology with precision",released,demonstrate technical acumen | carry out manual activities | use hand tools | use precision instrumentation,"Use workpieces, tools, precision instrumentation or equipment independently to carry out manual activities, with or without minimal training.",http://data.europa.eu/esco/skill/ccb6db6a-8538-431c-b740-5f241bdb71cf,manipulating and controlling objects and equipment
KnowledgeSkillCompetence,http://data.europa.eu/esco/skill/9cfd2219-553c-4d67-81e5-951e87c65135,skill/competence,transversal,maintain concentration for long periods,released,maintain concentration for extended periods | maintain focus for long periods of time | focus for prolonged periods | stay concentrated for long periods | work in a focused manner | preserve concentration for long periods | keep focused for extended periods | keep concentration for long periods | stay focused for extended periods of time,Stay concentrated over a long period of time in order to make correct judgements and appropriate decisions.,http://data.europa.eu/esco/skill/14c41899-0224-4cbc-bd8c-e946ada2da87,working efficiently
KnowledgeSkillCompetence,http://data.europa.eu/esco/skill/a628d2d1-f40a-4c37-a357-2801726f2996,skill/competence,transversal,identify problems,released,detect problems | signal problems | diagnose problems,Identify and detect problems and issues and decide on the best course of action. Report problems accordingly when needed.,http://data.europa.eu/esco/skill/13d301d0-98cb-414f-a8f9-a3f059228133,dealing with problems
KnowledgeSkillCompetence,http://data.europa.eu/esco/skill/a68bdf1e-b325-4880-b456-192c2891931a,skill/competence,transversal,maintain physical fitness,released,care about your fitness | keep yourself in good conditions | adopt an healthy lifestyle | apply preventive healthy behaviours,"Adopt and apply preventive healthy behaviours, including regular physical exercise, a healthy sleep-routine, and a healthy diet.",http://data.europa.eu/esco/skill/3d54fec5-d9cb-45a0-bf8d-ffaf3790a5bb,applying health-related skills and competences
KnowledgeSkillCompetence,http://data.europa.eu/esco/skill/adc6dc11-3376-467b-96c5-9b0a21edc869,skill/competence,transversal,solve problems,released,develop strategies to solve problems | come up with strategy to solve problems | develop strategy to solve problems | create solutions to problems | demonstrate problem solving skills | act intuitevely | manage problems | apply problem solving | create strategies to solve problems | resolve problems,"Find solutions to practical, operational or conceptual problems in a wide range of contexts.",http://data.europa.eu/esco/skill/13d301d0-98cb-414f-a8f9-a3f059228133,dealing with problems
KnowledgeSkillCompetence,http://data.europa.eu/esco/skill/b00e948c-19be-4951-8cff-60f88f1046e9,skill/competence,transversal,delegate responsibilities,released,delegate | delegate activities to others | share duties | distribute activities | distribute tasks | share tasks | delegate activities | delegate tasks,"Delegate responsibilities, activities and tasks to others according to the ability, level of preparation and competence. Make sure that people understand what they should do and when they should do it.",http://data.europa.eu/esco/skill/fe5eabaa-63f6-4c44-b405-fc3ded8d56cb,leading others
KnowledgeSkillCompetence,http://data.europa.eu/esco/skill/b080a008-a35d-4bd0-92e9-edf3773bb2b7,skill/competence,transversal,use communication and collaboration software,released,communicate in digital environments | interact through ICT | use e-mail software and services | communicate on-line | communicate online,"Use simple digital tools and technologies for communicating, interacting and collaborating with others.",http://data.europa.eu/esco/skill/3399045f-8078-4066-8b46-475b49b260ab,working with digital devices and applications
KnowledgeSkillCompetence,http://data.europa.eu/esco/skill/b19e0820-a96f-4c0a-a724-3c056180c1b3,skill/competence,transversal,build team spirit,released,plan team building | design team building | project team building | arrange team building | build teams | organise a team,"Build a relationship of mutual trust, respect and cooperation among members of the same team.",http://data.europa.eu/esco/skill/fe5eabaa-63f6-4c44-b405-fc3ded8d56cb,leading others
KnowledgeSkillCompetence,http://data.europa.eu/esco/skill/b40584aa-7c63-4eed-9422-a9798fb95fdc,skill/competence,transversal,improvise,released,demonstrate ability to improvise | show talent for improvisation,Be able to improvise and react immediately and without planning ahead to situations that you did not know before.,http://data.europa.eu/esco/skill/e84d080a-ff6d-41a7-b7b9-133e97c7bf00,thinking creatively and innovatively
KnowledgeSkillCompetence,http://data.europa.eu/esco/skill/b618584f-6bdf-4d8f-89a7-f28c2c95afc2,skill/competence,transversal,comply with regulations,released,adhere to legislation or policies | work in a thoughtful manner | follow directions and procedures | comply with legislative provisions,"Comply with and respect the rules, regulations and guidelines relating to a specific domain or sector and apply them in your daily work.",http://data.europa.eu/esco/skill/925af2b5-2f4d-4cce-92cc-79e1ff887c7d,following ethical code of conduct
KnowledgeSkillCompetence,http://data.europa.eu/esco/skill/b6bdf202-524f-475d-b813-2aa9af005c37,skill/competence,transversal,move objects,released,climb | perform physical activities | load and unload good and materials | store goods | move and lift objects | lift things,"Perform physical activities to move, load, unload or store objects or to climb structures, by hand or with the aid of equipment.",http://data.europa.eu/esco/skill/ccb6db6a-8538-431c-b740-5f241bdb71cf,manipulating and controlling objects and equipment
KnowledgeSkillCompetence,http://data.europa.eu/esco/skill/ba93b71b-c433-4a01-8246-ed2daa85a9a2,skill/competence,transversal,conduct web searches,released,search for information online | use search engine | look for information on the Internet,"Search data, information and content through simple searches in digital environments.",http://data.europa.eu/esco/skill/3399045f-8078-4066-8b46-475b49b260ab,working with digital devices and applications
KnowledgeSkillCompetence,http://data.europa.eu/esco/skill/bc0b0b5d-f6be-405a-b224-b6902a4dbe97,skill/competence,cross-sector,manage digital identity,released,protecting privacy and identity on the Internet,"Create and manage one or multiple digital identities, be able to protect one's own reputation, deal with the data that one produces through several digital tools, environments and services.",http://data.europa.eu/esco/skill/574257ea-7b64-4100-b7b6-e27c233fe143 | http://data.europa.eu/esco/skill/3399045f-8078-4066-8b46-475b49b260ab,digital communication and collaboration | working with digital devices and applications
KnowledgeSkillCompetence,http://data.europa.eu/esco/skill/bcf002ce-90f8-42e5-ac1b-5dba208639b0,skill/competence,transversal,demonstrate trustworthiness,released,establish trust | be trustworthy | be honest | show credibility,"Demonstrate honesty, integrity and credibility in the workplace. Show loyalty to your team and organisation and prove trustworthiness.",http://data.europa.eu/esco/skill/925af2b5-2f4d-4cce-92cc-79e1ff887c7d,following ethical code of conduct
KnowledgeSkillCompetence,http://data.europa.eu/esco/skill/bdcf429c-5ccf-4c3d-bb61-4c987573a35e,skill/competence,transversal,show entrepreneurial spirit,released,identify opportunities | show an entrepreneurial spirit | demonstrate entrepreneurship | showing entrepreneurial spirit | display entrepreneurial spirit | demonstrate entrepreneurial spirit | reveal entrepreneurial spirit | showing an entrepreneurial spirit | pursue opportunities | demonstrate willingness to take risks | exhibit entrepreneurial spirit,"Develop, organise and manage an own business venture, identifying and pursuing opportunities and mobilising resources, keeping in mind a profitability perspective. Demonstrate a proactive attitude and determination to achieve success in business.",http://data.europa.eu/esco/skill/6c6957bf-cf1f-4483-9c7e-1655f251b01a,applying entrepreneurial and financial skills and competences
KnowledgeSkillCompetence,http://data.europa.eu/esco/skill/be6ab363-3de1-427f-a8ef-85d5b0250822,skill/competence,transversal,report facts,released,detail the facts | write minutes | report | give an account of the facts | report facts or ideas | communicate facts | reporting facts,Relay information or recount events orally.,http://data.europa.eu/esco/skill/6f142deb-03a9-4cd7-94ce-e0f023ae2169,communicating
KnowledgeSkillCompetence,http://data.europa.eu/esco/skill/bf4d884f-c848-402a-b130-69c266b04164,skill/competence,transversal,apply basic programming skills,released,use query languages | use basic coding skills | use basic programming language skills,List simple instructions for a computing system to solve problems or perform tasks at a basic level and with appropriate guidance where needed.,http://data.europa.eu/esco/skill/3399045f-8078-4066-8b46-475b49b260ab,working with digital devices and applications
KnowledgeSkillCompetence,http://data.europa.eu/esco/skill/bf983f2a-e941-4646-811d-cc81060cb53f,skill/competence,transversal,build networks,released,create networks | building effective relationships | maintain networks | show ability to network | maintain contact with others | liaise with others | make contacts | establish contacts,"Demonstrate the ability to build effective relationships, to develop and maintain alliances, contacts or partnerships, and to exchange information with others.",http://data.europa.eu/esco/skill/036afa6e-cdde-4b38-a53a-8e7910a840e1,collaborating in teams and networks
KnowledgeSkillCompetence,http://data.europa.eu/esco/skill/c10d5d87-36cf-42f5-8a12-e560fb5f4af8,skill/competence,transversal,demonstrate intercultural competence,released,show cultural competence | consider different cultural backgrounds | respect different cultural backgrounds | display intercultural competence | exhibit intercultural competence | show intercultural competence | adapt to cultural differences | use culturally appropriate body language | demonstrate cross-cultural competence,"Understand and respect people who are perceived to have different cultural affinities, and respond effectively and respectfully to them.",http://data.europa.eu/esco/skill/036afa6e-cdde-4b38-a53a-8e7910a840e1,collaborating in teams and networks
KnowledgeSkillCompetence,http://data.europa.eu/esco/skill/c29aa9d2-4da8-4bdd-831c-8d4a2fb51730,skill/competence,transversal,work independently,released,ability to work autonomously | work on your own | like to work independently | working independently | act independently | work in a self-reliant manner | work autonomously | independently working | work without supervision,"Develop one's own ways of doing things, motivating oneself with little or no supervision, and depending on oneself to get things done.",http://data.europa.eu/esco/skill/14c41899-0224-4cbc-bd8c-e946ada2da87,working efficiently
KnowledgeSkillCompetence,http://data.europa.eu/esco/skill/c2a0c52c-0b4b-4180-a918-92650ea3b458,skill/competence,transversal,think innovatively,released,show innovativeness | apply innovative thinking | think ahead | be innovative | apply forward-thinking | demonstrate pioneering spirit | invent | shape the future,Develop ideas or conclusions that lead to the creation and implementation of innovations or changes.,http://data.europa.eu/esco/skill/e84d080a-ff6d-41a7-b7b9-133e97c7bf00,thinking creatively and innovatively
KnowledgeSkillCompetence,http://data.europa.eu/esco/skill/c4180af3-befd-4bd8-9a65-6a496f9d9f15,skill/competence,transversal,demonstrate awareness of health risks,released,know the effects of drugs and alcohol on individuals | follow work-place safety regulations | apply ergonomics | manage health risk | meet health and safety requirements | work safely with hazardous material,"Be able to judge and manage risks to personal health, for example by following safety precautions in work practices, applying fire protection measures, respecting and applying ergonomics and taking account of the effects of drugs and alcohol on individuals, families and communities.",http://data.europa.eu/esco/skill/3d54fec5-d9cb-45a0-bf8d-ffaf3790a5bb,applying health-related skills and competences
KnowledgeSkillCompetence,http://data.europa.eu/esco/skill/c624c6a3-b0ba-4a31-a296-0d433fe47e41,skill/competence,transversal,think creatively,released,show originality | thinking creatively | innovate | work conceptually | brainstorming | find new ideas | innovative thinking | seek out questions | use imagination | experiment | design | visualise completed work | anticipate needs | think in a creative way | visualise completed project,"Generate new ideas or combine existing ones to develop innovative, novel solutions.",http://data.europa.eu/esco/skill/e84d080a-ff6d-41a7-b7b9-133e97c7bf00,thinking creatively and innovatively
KnowledgeSkillCompetence,http://data.europa.eu/esco/skill/d56e2c2f-3e01-4b76-a7bb-ecb6d430172f,skill/competence,transversal,think holistically,released,recognise connections | apply conceptual thinking | identify key issues in complex situations | apply systemic thinking | understand complex processes | identify interrelationships | demonstrate holistic thinking | understand complexity,"Take into account indirect and long-term consequences when planning and making decisions. Consider the effects on other people, processes and the environment and include these in your planning.",http://data.europa.eu/esco/skill/fff1d675-c36a-4c12-9cd4-407f21ccd06a,"processing information, ideas and concepts"
KnowledgeSkillCompetence,http://data.europa.eu/esco/skill/d62d2b4c-a6f8-439e-8a1b-4f29ab5f2c47,skill/competence,transversal,make decisions,released,making decisions | make choices | choose | decide | make decision | take decisions,Make a choice from several alternative possibilities.,http://data.europa.eu/esco/skill/91860993-1a8b-4473-91f3-600aa1924bd0,taking a proactive approach
KnowledgeSkillCompetence,http://data.europa.eu/esco/skill/d822b4b2-26c7-4bd9-970d-229c6504f615,skill/competence,transversal,create digital content,released,create content in digital form | edit digital content | produce digital content,"Create and edit simple items of digital content, where needed with guidance.",http://data.europa.eu/esco/skill/3399045f-8078-4066-8b46-475b49b260ab,working with digital devices and applications
KnowledgeSkillCompetence,http://data.europa.eu/esco/skill/d9013e0e-e937-43d5-ab71-0e917ee882b8,skill/competence,transversal,manage time,released,managing time | schedule | prioritise tasks | prioritise actions | manage schedule | set priorities | meet deadlines | define milestones | draw up time line | work out time line | adhere to schedules | plan deadlines | plan time | coordinate actions,"Plan the time sequence of events, programmes and activities, as well as the work of others.",http://data.europa.eu/esco/skill/14c41899-0224-4cbc-bd8c-e946ada2da87,working efficiently
KnowledgeSkillCompetence,http://data.europa.eu/esco/skill/d9449998-c1f5-478c-a103-2255398cf0b6,skill/competence,transversal,apply hygiene standards,released,conform to hygienic work practices | follow hygienic work practices | identify hygiene risks | attend to hygiene | attend to cleanliness | care for hygiene | look after hygiene,"Take personal responsibility to guarantee a safe and non-infectious work and life environment, including the use of masks, disinfectants and general personal hygiene.",http://data.europa.eu/esco/skill/3d54fec5-d9cb-45a0-bf8d-ffaf3790a5bb,applying health-related skills and competences
KnowledgeSkillCompetence,http://data.europa.eu/esco/skill/db33c0f3-43ee-4ba3-ba47-9269ac837697,skill/competence,transversal,critically evaluate information and its sources,released,detect bias | weigh information | check facts | assess information | verify information | understand the role of media in democratic societies | verify the source of information | evaluate information,Be able to evaluate and analyse information and its sources. Demonstrate the ability to access and have a critical understanding of both traditional and new forms of media and their role and function in democratic societies.,http://data.europa.eu/esco/skill/d6e97b91-b75d-45f5-8566-667798957b0f,applying civic skills and competences
KnowledgeSkillCompetence,http://data.europa.eu/esco/skill/dcc99418-d896-4b3b-8596-658093a17a8f,skill/competence,transversal,manage chronic health conditions,released,seek for appropriate care | utilise walking aids | utilise hearing aids | utilise seeing aids,"Identify and use ways to minimise negative effects of chronic health conditions, including the use of seeing, hearing and walking aids, appropriate medications and adequate social and medical support.",http://data.europa.eu/esco/skill/3d54fec5-d9cb-45a0-bf8d-ffaf3790a5bb,applying health-related skills and competences
KnowledgeSkillCompetence,http://data.europa.eu/esco/skill/deb3c1bc-d48a-42e6-b0cc-cb238534ec28,skill/competence,transversal,apply knowledge of social sciences and humanities,released,demonstrate interest in politics | demonstrate knowledge of European history | understand the role of social movements in society | demonstrate social knowledge,"Demonstrate an understanding of the nature, plurality and function of social and political groups, and their relation with the socioeconomic dimension of the society. Understand the role and place of individuals in society.",http://data.europa.eu/esco/skill/44ff6716-7d71-4a16-821b-61d10e9e290d,applying general knowledge
KnowledgeSkillCompetence,http://data.europa.eu/esco/skill/df5e3d02-9f0f-44ee-91c2-85c62f161868,skill/competence,transversal,"promote ideas, products, services",released,persuade others | convince others | persuade | be able to close sales regularly and confidently | influence others | enjoys selling | present products | influence decisions,"Present and advertise products, programs and services with the goal of persuading and influencing others.",http://data.europa.eu/esco/skill/6f142deb-03a9-4cd7-94ce-e0f023ae2169,communicating
KnowledgeSkillCompetence,http://data.europa.eu/esco/skill/e2d44a9b-f28c-489e-9861-b654b5ded507,skill/competence,transversal,motivate others,released,stimulate action | inspire others | encourage others | empower others | motivating others | energise others | motivate staff and colleages,Direct other people's behaviour by providing them with a convincing reason for action.,http://data.europa.eu/esco/skill/fe5eabaa-63f6-4c44-b405-fc3ded8d56cb,leading others
KnowledgeSkillCompetence,http://data.europa.eu/esco/skill/e37d64dc-0f05-4ee8-b065-bf76f70d8f5c,skill/competence,transversal,respect confidentiality obligations,released,be discrete | ensure privacy | ensure absolute discretion | keep secret information | protect privacy | handle sensitive information | comply with confidentiality obligations,"Observe the necessary discretion and restraint when dealing with confidential, secret or unpleasant information.",http://data.europa.eu/esco/skill/925af2b5-2f4d-4cce-92cc-79e1ff887c7d,following ethical code of conduct
KnowledgeSkillCompetence,http://data.europa.eu/esco/skill/e49f4158-9d4c-425d-bf32-dfe89b19840a,skill/competence,transversal,plan,released,plan activities | performance planning | implement planning | planning performance | undertake planning | complete planning,Manage one's time schedule and resources in order to finish tasks in a timely manner.,http://data.europa.eu/esco/skill/66fdc34c-2326-4baa-b8ff-7a1d1015fe3a,planning and organising
KnowledgeSkillCompetence,http://data.europa.eu/esco/skill/ef7562b2-f176-4d7c-a0b2-27ae8cce0b7d,skill/competence,transversal,react to physical changes or hazards,released,demonstrate agility | be reactive | show responsivness,React and respond quickly quickly and appropriately to external or internal circumstances and stimuli.,http://data.europa.eu/esco/skill/e52389a2-1a05-45b0-8db3-4bda0f0c0b48,responding to physical circumstances
KnowledgeSkillCompetence,http://data.europa.eu/esco/skill/f4346299-e22a-4686-8e61-2c9b0cd51c7d,skill/competence,transversal,apply digital security measures,released,up-date online security measures | use anti-virus software | protect personal data | protect ICT devices | remove viruses and malware from a computer | implement digital security measures | protect digital devices,Follow simple ways to protect digital devices and content.,http://data.europa.eu/esco/skill/3399045f-8078-4066-8b46-475b49b260ab,working with digital devices and applications
KnowledgeSkillCompetence,http://data.europa.eu/esco/skill/f4bcdb75-df28-441d-a52b-9730904f36a1,skill/competence,transversal,exercise rights and responsibilities,released,exercise constitutional rights | participate in democratic decision-making | demonstrate interest in current events | exercise legal rights | be aware of legal rights,"Be aware of and make use of constitutional and legal rights, including the duty to obey the law, pay taxes, and render assistance as well as the right to vote, to be elected, or to have a defence lawyer present in trial.",http://data.europa.eu/esco/skill/d6e97b91-b75d-45f5-8566-667798957b0f,applying civic skills and competences
KnowledgeSkillCompetence,http://data.europa.eu/esco/skill/fa46a48d-9cb9-422d-afab-1047654dbcdd,skill/competence,transversal,memorise information,released,memorising information | memorise info | commit information to memory | memorise facts | learn information by heart | memorise procedures | mnemonics principles | remember information,"Store information such as words, numbers, pictures and procedures for later retrieval.",http://data.europa.eu/esco/skill/fff1d675-c36a-4c12-9cd4-407f21ccd06a,"processing information, ideas and concepts"
KnowledgeSkillCompetence,http://data.europa.eu/esco/skill/fd89f784-88dc-4d35-abd7-86aa073cab12,skill/competence,transversal,keep an open mind,released,being open minded | show acceptance of others | demonstrate freedom from prejudice | take on new ideas and experiences,Be interested and open to the problems of others.,http://data.europa.eu/esco/skill/f5c9eef3-0495-4747-9519-d71a58d252bd,demonstrating willingness to learn
